SET TERMOUT ON
PROMPT testbymob.
SET TERMOUT OFF
ALTER SESSION SET NLS_DATE_FORMAT = 'YYYY-MM-DD'; 

-- Created by Vertabelo (http://vertabelo.com)
-- Last modification date: 2022-01-11 03:36:52.828

-- tables
-- Table: ADDRESSES_LOG
CREATE TABLE ADDRESSES_LOG (
    LOG_ID number(20)  NOT NULL,
    INSERT_DATE TIMESTAMP  NOT NULL,
    CONSTRAINT ADDRESSES_LOG_pk PRIMARY KEY (LOG_ID)
) ;
DROP TABLE ADDRESSES_LOG;
-- Table: Addresses
CREATE TABLE Addresses (
    idAddress number  NOT NULL,
    country varchar2(100)  NOT NULL,
    city varchar2(100)  NOT NULL,
    Street varchar2(100)  NOT NULL,
    zip varchar2(100)  NOT NULL,
    apartment varchar2(100)  NOT NULL,
    CONSTRAINT Addresses_pk PRIMARY KEY (idAddress)
) ;
ALTER TABLE ADDRESSES ADD( CREATION_DATE timestamp  NULL);
-- Table: Bike
CREATE TABLE Bike (
    idBike number  NOT NULL,
    isActive number(1,0)  NOT NULL,
    code varchar2(10)  NOT NULL,
    lockerPassCode varchar2(6)  NOT NULL,
    currentStation number  NOT NULL,
    CONSTRAINT Bike_pk PRIMARY KEY (idBike)
) ;

-- Table: Person
CREATE TABLE Person (
    idPerson number  NOT NULL,
    idAddress number  NOT NULL,
    firstName varchar2(100)  NOT NULL,
    lastName varchar2(100)  NOT NULL,
    peselNumber varchar2(16)  NOT NULL,
    CONSTRAINT Person_pk PRIMARY KEY (idPerson)
) ;

-- Table: Rental
CREATE TABLE Rental (
    idRental number  NOT NULL,
    idPerson number  NOT NULL,
    idBike number  NOT NULL,
    rentDate date  NOT NULL,
    takenTime timestamp  NOT NULL,
    returnedTime timestamp  NULL,
    "beginn" number  NOT NULL,
    destination number  NULL,
    CONSTRAINT Rental_pk PRIMARY KEY (idRental)
) ;

-- Table: Report
CREATE TABLE Report (
    idReport number  NOT NULL,
    idBike number  NOT NULL,
    idPerson number  NOT NULL,
    title varchar2(50)  NOT NULL,
    description varchar2(1000)  NOT NULL,
    reportDate date  NOT NULL,
    CONSTRAINT Report_pk PRIMARY KEY (idReport)
) ;

-- Table: Station
CREATE TABLE Station (
    idStation number  NOT NULL,
    name varchar2(30)  NOT NULL,
    latitude number(6,4)  NOT NULL,
    longtitude number(6,4)  NOT NULL,
    idAddress number  NOT NULL,
    CONSTRAINT Station_pk PRIMARY KEY (idStation)
) ;

-- foreign keys
-- Reference: Bike_Station (table: Bike)
ALTER TABLE Bike ADD CONSTRAINT Bike_Station
    FOREIGN KEY (currentStation)
    REFERENCES Station (idStation);

-- Reference: Person_Addresses (table: Person)
ALTER TABLE Person ADD CONSTRAINT Person_Addresses
    FOREIGN KEY (idAddress)
    REFERENCES Addresses (idAddress);

-- Reference: Rental_Bike (table: Rental)
ALTER TABLE Rental ADD CONSTRAINT Rental_Bike
    FOREIGN KEY (idBike)
    REFERENCES Bike (idBike);

-- Reference: Rental_Person (table: Rental)
ALTER TABLE Rental ADD CONSTRAINT Rental_Person
    FOREIGN KEY (idPerson)
    REFERENCES Person (idPerson);

-- Reference: Report_Bike (table: Report)
ALTER TABLE Report ADD CONSTRAINT Report_Bike
    FOREIGN KEY (idBike)
    REFERENCES Bike (idBike);

-- Reference: Report_Person (table: Report)
ALTER TABLE Report ADD CONSTRAINT Report_Person
    FOREIGN KEY (idPerson)
    REFERENCES Person (idPerson);

-- Reference: Station_Addresses (table: Station)
ALTER TABLE Station ADD CONSTRAINT Station_Addresses
    FOREIGN KEY (idAddress)
    REFERENCES Addresses (idAddress);

-- Reference: dest_Station (table: Rental)
ALTER TABLE Rental ADD CONSTRAINT dest_Station
    FOREIGN KEY (destination)
    REFERENCES Station (idStation);

-- Reference: start_Station (table: Rental)
ALTER TABLE Rental ADD CONSTRAINT start_Station
    FOREIGN KEY ("beginn")
    REFERENCES Station (idStation);

-- End of file.

--INSERT INTO ADDRESSES VALUES
  --      (0001, 'POLAND',  'WARSAW', 'CENTRUM','00-100','NOWYSWIAT RESIDENCE');
        
--delete 
--from addresses
--where city ='WARSAW';
-----------------------------ADDRESS--
INSERT INTO "S22816"."ADDRESSES" (IDADDRESS, COUNTRY, CITY, STREET, ZIP, APARTMENT) VALUES ('0001', 'POLAND', 'WARSAW', 'Mortgage Street ', '00-001', '1');
INSERT INTO "S22816"."ADDRESSES" (IDADDRESS, COUNTRY, CITY, STREET, ZIP, APARTMENT) VALUES ('0002', 'POLAND', 'WARSAW', 'Credit Street', '00-002', '2');
INSERT INTO "S22816"."ADDRESSES" (IDADDRESS, COUNTRY, CITY, STREET, ZIP, APARTMENT) VALUES ('0003', 'POLAND', 'WARSAW', 'Royal Street', '00-002', '3');
INSERT INTO "S22816"."ADDRESSES" (IDADDRESS, COUNTRY, CITY, STREET, ZIP, APARTMENT) VALUES ('0004', 'POLAND', 'WARSAW', 'Honey Street', '00-003', '4');
INSERT INTO "S22816"."ADDRESSES" (IDADDRESS, COUNTRY, CITY, STREET, ZIP, APARTMENT) VALUES ('0005', 'POLAND', 'WARSAW', 'New World Street', '00-003', '5');
INSERT INTO "S22816"."ADDRESSES" (IDADDRESS, COUNTRY, CITY, STREET, ZIP, APARTMENT) VALUES ('0006', 'POLAND', 'WARSAW', 'Holy Cross ', '00-004', '6');
INSERT INTO "S22816"."ADDRESSES" (IDADDRESS, COUNTRY, CITY, STREET, ZIP, APARTMENT) VALUES ('0007', 'POLAND', 'WARSAW', 'School Street ', '00-004', '7');
INSERT INTO "S22816"."ADDRESSES" (IDADDRESS, COUNTRY, CITY, STREET, ZIP, APARTMENT) VALUES ('0008', 'POLAND', 'WARSAW', 'Hospital Street', '00-004', '8');
INSERT INTO "S22816"."ADDRESSES" (IDADDRESS, COUNTRY, CITY, STREET, ZIP, APARTMENT) VALUES ('0009', 'POLAND', 'WARSAW', 'Outlook Street', '00-004', '9');
INSERT INTO "S22816"."ADDRESSES" (IDADDRESS, COUNTRY, CITY, STREET, ZIP, APARTMENT) VALUES ('0010', 'POLAND', 'WARSAW', 'Gold Street', '00-005', '10');
INSERT INTO "S22816"."ADDRESSES" (IDADDRESS, COUNTRY, CITY, STREET, ZIP, APARTMENT) VALUES ('0011', 'POLAND', 'WROCLAW', 'Royal Street', '00-002', '11');
INSERT INTO "S22816"."ADDRESSES" (IDADDRESS, COUNTRY, CITY, STREET, ZIP, APARTMENT) VALUES ('0012', 'POLAND', 'WARSAW', 'VISTULA STREET', '00-008', '12');
INSERT INTO "S22816"."ADDRESSES" (IDADDRESS, COUNTRY, CITY, STREET, ZIP, APARTMENT) VALUES ('0013', 'POLAND', 'LODZ', 'CENTRAL', '05-002', '13');
INSERT INTO "S22816"."ADDRESSES" (IDADDRESS, COUNTRY, CITY, STREET, ZIP, APARTMENT) VALUES ('0014', 'POLAND', 'WARSAW', 'BRIDGE STREET', '00-007', '14');
INSERT INTO "S22816"."ADDRESSES" (IDADDRESS, COUNTRY, CITY, STREET, ZIP, APARTMENT) VALUES ('0015', 'POLAND', 'KRAKOW', 'OLD TOWN', '01-001', '15');
INSERT INTO "S22816"."ADDRESSES" (IDADDRESS, COUNTRY, CITY, STREET, ZIP, APARTMENT) VALUES ('0016', 'POLAND', 'WARSAW', 'Holy Cross ', '00-004', '16');
INSERT INTO "S22816"."ADDRESSES" (IDADDRESS, COUNTRY, CITY, STREET, ZIP, APARTMENT) VALUES ('0017', 'POLAND', 'KATOWICE', 'Canon street', '03-003', '17');
INSERT INTO "S22816"."ADDRESSES" (IDADDRESS, COUNTRY, CITY, STREET, ZIP, APARTMENT) VALUES ('0018', 'POLAND', 'WARSAW', 'BRIDGE STREET', '00-007', '18');
INSERT INTO "S22816"."ADDRESSES" (IDADDRESS, COUNTRY, CITY, STREET, ZIP, APARTMENT) VALUES ('0019', 'POLAND', 'LUBLIN', 'School Street ', '02-001', '19');
INSERT INTO "S22816"."ADDRESSES" (IDADDRESS, COUNTRY, CITY, STREET, ZIP, APARTMENT) VALUES ('0020', 'POLAND', 'WARSAW', 'VISTULA STREET', '00-008', '20');

UPDATE "S22816"."ADDRESSES" SET CREATION_DATE = TO_TIMESTAMP('2020-12-30 00:00:00.000000000', 'YYYY-MM-DD HH24:MI:SS.FF') WHERE ROWID = 'AAGjjrAAJAAA/obAAA' AND ORA_ROWSCN = '521559362';
UPDATE "S22816"."ADDRESSES" SET CREATION_DATE = TO_TIMESTAMP('2020-12-30 00:00:00.000000000', 'YYYY-MM-DD HH24:MI:SS.FF') WHERE ROWID = 'AAGjjrAAJAAA/obAAB' AND ORA_ROWSCN = '521559362';
UPDATE "S22816"."ADDRESSES" SET CREATION_DATE = TO_TIMESTAMP('2020-12-30 00:00:00.000000000', 'YYYY-MM-DD HH24:MI:SS.FF') WHERE ROWID = 'AAGjjrAAJAAA/obAAC' AND ORA_ROWSCN = '521559362';
UPDATE "S22816"."ADDRESSES" SET CREATION_DATE = TO_TIMESTAMP('2020-12-30 00:00:00.000000000', 'YYYY-MM-DD HH24:MI:SS.FF') WHERE ROWID = 'AAGjjrAAJAAA/obAAD' AND ORA_ROWSCN = '521559362';
UPDATE "S22816"."ADDRESSES" SET CREATION_DATE = TO_TIMESTAMP('2020-12-30 00:00:00.000000000', 'YYYY-MM-DD HH24:MI:SS.FF') WHERE ROWID = 'AAGjjrAAJAAA/obAAE' AND ORA_ROWSCN = '521559362';
UPDATE "S22816"."ADDRESSES" SET CREATION_DATE = TO_TIMESTAMP('2020-12-30 00:00:00.000000000', 'YYYY-MM-DD HH24:MI:SS.FF') WHERE ROWID = 'AAGjjrAAJAAA/obAAF' AND ORA_ROWSCN = '521559362';
UPDATE "S22816"."ADDRESSES" SET CREATION_DATE = TO_TIMESTAMP('2020-12-30 00:00:00.000000000', 'YYYY-MM-DD HH24:MI:SS.FF') WHERE ROWID = 'AAGjjrAAJAAA/obAAG' AND ORA_ROWSCN = '521559362';
UPDATE "S22816"."ADDRESSES" SET CREATION_DATE = TO_TIMESTAMP('2020-12-30 00:00:00.000000000', 'YYYY-MM-DD HH24:MI:SS.FF') WHERE ROWID = 'AAGjjrAAJAAA/obAAH' AND ORA_ROWSCN = '521559362';
UPDATE "S22816"."ADDRESSES" SET CREATION_DATE = TO_TIMESTAMP('2020-12-30 00:00:00.000000000', 'YYYY-MM-DD HH24:MI:SS.FF') WHERE ROWID = 'AAGjjrAAJAAA/obAAI' AND ORA_ROWSCN = '521559362';
UPDATE "S22816"."ADDRESSES" SET CREATION_DATE = TO_TIMESTAMP('2020-12-30 00:00:00.000000000', 'YYYY-MM-DD HH24:MI:SS.FF') WHERE ROWID = 'AAGjjrAAJAAA/obAAJ' AND ORA_ROWSCN = '521559362';
UPDATE "S22816"."ADDRESSES" SET CREATION_DATE = TO_TIMESTAMP('2020-12-30 00:00:00.000000000', 'YYYY-MM-DD HH24:MI:SS.FF') WHERE ROWID = 'AAGjjrAAJAAA/obAAK' AND ORA_ROWSCN = '521559362';
UPDATE "S22816"."ADDRESSES" SET CREATION_DATE = TO_TIMESTAMP('2020-12-30 00:00:00.000000000', 'YYYY-MM-DD HH24:MI:SS.FF') WHERE ROWID = 'AAGjjrAAJAAA/obAAL' AND ORA_ROWSCN = '521559362';
UPDATE "S22816"."ADDRESSES" SET CREATION_DATE = TO_TIMESTAMP('2020-12-30 00:00:00.000000000', 'YYYY-MM-DD HH24:MI:SS.FF') WHERE ROWID = 'AAGjjrAAJAAA/obAAM' AND ORA_ROWSCN = '521559362';
UPDATE "S22816"."ADDRESSES" SET CREATION_DATE = TO_TIMESTAMP('2020-12-30 00:00:00.000000000', 'YYYY-MM-DD HH24:MI:SS.FF') WHERE ROWID = 'AAGjjrAAJAAA/obAAN' AND ORA_ROWSCN = '521559362';
UPDATE "S22816"."ADDRESSES" SET CREATION_DATE = TO_TIMESTAMP('2020-12-30 00:00:00.000000000', 'YYYY-MM-DD HH24:MI:SS.FF') WHERE ROWID = 'AAGjjrAAJAAA/obAAO' AND ORA_ROWSCN = '521559362';
UPDATE "S22816"."ADDRESSES" SET CREATION_DATE = TO_TIMESTAMP('2020-12-30 00:00:00.000000000', 'YYYY-MM-DD HH24:MI:SS.FF') WHERE ROWID = 'AAGjjrAAJAAA/obAAP' AND ORA_ROWSCN = '521559362';
UPDATE "S22816"."ADDRESSES" SET CREATION_DATE = TO_TIMESTAMP('2020-12-30 00:00:00.000000000', 'YYYY-MM-DD HH24:MI:SS.FF') WHERE ROWID = 'AAGjjrAAJAAA/obAAQ' AND ORA_ROWSCN = '521559362';
UPDATE "S22816"."ADDRESSES" SET CREATION_DATE = TO_TIMESTAMP('2020-12-30 00:00:00.000000000', 'YYYY-MM-DD HH24:MI:SS.FF') WHERE ROWID = 'AAGjjrAAJAAA/obAAR' AND ORA_ROWSCN = '521559362';
UPDATE "S22816"."ADDRESSES" SET CREATION_DATE = TO_TIMESTAMP('2020-12-30 00:00:00.000000000', 'YYYY-MM-DD HH24:MI:SS.FF') WHERE ROWID = 'AAGjjrAAJAAA/obAAS' AND ORA_ROWSCN = '521559362';
UPDATE "S22816"."ADDRESSES" SET CREATION_DATE = TO_TIMESTAMP('2020-12-30 00:00:00.000000000', 'YYYY-MM-DD HH24:MI:SS.FF') WHERE ROWID = 'AAGjjrAAJAAA/obAAT' AND ORA_ROWSCN = '521559362';

      --SELECT *
        --FROM ADDRESSES;
-----------------------------STATION--
INSERT INTO "S22816"."STATION" (IDSTATION, NAME, LATITUDE, LONGTITUDE, IDADDRESS) VALUES ('1001', 'STATION1', '22.0001', '22.0001', '1');
INSERT INTO "S22816"."STATION" (IDSTATION, NAME, LATITUDE, LONGTITUDE, IDADDRESS) VALUES ('1002', 'STATION2', '22.0002', '22.0002', '2');
INSERT INTO "S22816"."STATION" (IDSTATION, NAME, LATITUDE, LONGTITUDE, IDADDRESS) VALUES ('1003', 'STATION3', '22.0003', '22.003', '3');
INSERT INTO "S22816"."STATION" (IDSTATION, NAME, LATITUDE, LONGTITUDE, IDADDRESS) VALUES ('1004', 'STATION4', '22.0004', '22.004', '4');

-----------------------------BIKE--
INSERT INTO "S22816"."BIKE" (IDBIKE, ISACTIVE, CODE, LOCKERPASSCODE, CURRENTSTATION) VALUES ('101', '1', '99', '10199', '1001');
INSERT INTO "S22816"."BIKE" (IDBIKE, ISACTIVE, CODE, LOCKERPASSCODE, CURRENTSTATION) VALUES ('102', '0', '98', '10298', '1001');
INSERT INTO "S22816"."BIKE" (IDBIKE, ISACTIVE, CODE, LOCKERPASSCODE, CURRENTSTATION) VALUES ('103', '1', '97', '10397', '1002');
INSERT INTO "S22816"."BIKE" (IDBIKE, ISACTIVE, CODE, LOCKERPASSCODE, CURRENTSTATION) VALUES ('104', '1', '96', '10496', '1002');
INSERT INTO "S22816"."BIKE" (IDBIKE, ISACTIVE, CODE, LOCKERPASSCODE, CURRENTSTATION) VALUES ('105', '0', '95', '10595', '1003');
INSERT INTO "S22816"."BIKE" (IDBIKE, ISACTIVE, CODE, LOCKERPASSCODE, CURRENTSTATION) VALUES ('106', '1', '94', '10694', '1003');
INSERT INTO "S22816"."BIKE" (IDBIKE, ISACTIVE, CODE, LOCKERPASSCODE, CURRENTSTATION) VALUES ('107', '1', '93', '10793', '1004');
INSERT INTO "S22816"."BIKE" (IDBIKE, ISACTIVE, CODE, LOCKERPASSCODE, CURRENTSTATION) VALUES ('108', '0', '92', '10892', '1001');
INSERT INTO "S22816"."BIKE" (IDBIKE, ISACTIVE, CODE, LOCKERPASSCODE, CURRENTSTATION) VALUES ('109', '1', '91', '10991', '1004');
INSERT INTO "S22816"."BIKE" (IDBIKE, ISACTIVE, CODE, LOCKERPASSCODE, CURRENTSTATION) VALUES ('110', '1', '90', '11090', '1002');

-----------------------------PERSON--
INSERT INTO "S22816"."PERSON" (IDPERSON, IDADDRESS, FIRSTNAME, LASTNAME, PESELNUMBER) VALUES ('10001', '0001', 'BOB', 'JONES', '1507345029');
INSERT INTO "S22816"."PERSON" (IDPERSON, IDADDRESS, FIRSTNAME, LASTNAME, PESELNUMBER) VALUES ('10002', '0002', 'PATRICK', 'COOPER', '9542752825');
INSERT INTO "S22816"."PERSON" (IDPERSON, IDADDRESS, FIRSTNAME, LASTNAME, PESELNUMBER) VALUES ('10003', '0003', 'NICK', 'ANDERSON', '4614400541');
INSERT INTO "S22816"."PERSON" (IDPERSON, IDADDRESS, FIRSTNAME, LASTNAME, PESELNUMBER) VALUES ('10004', '0008', 'TOM', 'HARRIS', '7441243242');
INSERT INTO "S22816"."PERSON" (IDPERSON, IDADDRESS, FIRSTNAME, LASTNAME, PESELNUMBER) VALUES ('10005', '0009', 'GEORGE', 'WILLER', '9227684658');
INSERT INTO "S22816"."PERSON" (IDPERSON, IDADDRESS, FIRSTNAME, LASTNAME, PESELNUMBER) VALUES ('10006', '0005', 'PHILIP', 'CLARKE', '7498177246');
INSERT INTO "S22816"."PERSON" (IDPERSON, IDADDRESS, FIRSTNAME, LASTNAME, PESELNUMBER) VALUES ('10007', '0019', 'MIKE', 'MASON', '2603131151');
INSERT INTO "S22816"."PERSON" (IDPERSON, IDADDRESS, FIRSTNAME, LASTNAME, PESELNUMBER) VALUES ('10008', '0011', 'MARGARET', 'WALKER', '9985631566');
INSERT INTO "S22816"."PERSON" (IDPERSON, IDADDRESS, FIRSTNAME, LASTNAME, PESELNUMBER) VALUES ('10009', '0017', 'MORTY', 'ALLEN', '9443000134');
INSERT INTO "S22816"."PERSON" (IDPERSON, IDADDRESS, FIRSTNAME, LASTNAME, PESELNUMBER) VALUES ('10010', '0002', 'LUCY', 'STEVENS', '4036916272');
INSERT INTO "S22816"."PERSON" (IDPERSON, IDADDRESS, FIRSTNAME, LASTNAME, PESELNUMBER) VALUES ('10011', '0012', 'ARNOLD', 'COOPER', '9828868810');
INSERT INTO "S22816"."PERSON" (IDPERSON, IDADDRESS, FIRSTNAME, LASTNAME, PESELNUMBER) VALUES ('10012', '0003', 'ARTHUR', 'STEVENS', '3787857989');
INSERT INTO "S22816"."PERSON" (IDPERSON, IDADDRESS, FIRSTNAME, LASTNAME, PESELNUMBER) VALUES ('10013', '0007', 'SAFIE', 'JONES', '6054646784');
INSERT INTO "S22816"."PERSON" (IDPERSON, IDADDRESS, FIRSTNAME, LASTNAME, PESELNUMBER) VALUES ('10014', '0015', 'SABIN', 'CLARKE', '1807904973');
INSERT INTO "S22816"."PERSON" (IDPERSON, IDADDRESS, FIRSTNAME, LASTNAME, PESELNUMBER) VALUES ('10015', '0013', 'ELIZABETH', 'JOHANSSON', '6188792054');
INSERT INTO "S22816"."PERSON" (IDPERSON, IDADDRESS, FIRSTNAME, LASTNAME, PESELNUMBER) VALUES ('10016', '0011', 'JOHNSON', 'WHITE', '4253221691');
INSERT INTO "S22816"."PERSON" (IDPERSON, IDADDRESS, FIRSTNAME, LASTNAME, PESELNUMBER) VALUES ('10017', '0019', 'PHILIP', 'YOUNG', '6310898944');
INSERT INTO "S22816"."PERSON" (IDPERSON, IDADDRESS, FIRSTNAME, LASTNAME, PESELNUMBER) VALUES ('10018', '0020', 'PATRICK', 'ARMSTRONG', '7115018951');
INSERT INTO "S22816"."PERSON" (IDPERSON, IDADDRESS, FIRSTNAME, LASTNAME, PESELNUMBER) VALUES ('10019', '0008', 'JOHN', 'SMITH', '5768861988');
INSERT INTO "S22816"."PERSON" (IDPERSON, IDADDRESS, FIRSTNAME, LASTNAME, PESELNUMBER) VALUES ('10020', '0004', 'BOB', 'HARRIS', '2471422078');

-----------------------------RENTAL--

INSERT INTO "S22816"."RENTAL" (IDRENTAL, IDPERSON, IDBIKE, RENTDATE, TAKENTIME, RETURNEDTIME, "beginn", DESTINATION) VALUES ('1', '10010', '101', TO_DATE('2021-01-01 00:00:00', 'YYYY-MM-DD HH24:MI:SS'), TO_TIMESTAMP('2021-01-01 08:00:47.335000000', 'YYYY-MM-DD HH24:MI:SS.FF'), TO_TIMESTAMP('2021-01-02 10:20:44.929000000', 'YYYY-MM-DD HH24:MI:SS.FF'), '1004', '1001');
INSERT INTO "S22816"."RENTAL" (IDRENTAL, IDPERSON, IDBIKE, RENTDATE, TAKENTIME, RETURNEDTIME, "beginn", DESTINATION) VALUES ('2', '10009', '106', TO_DATE('2021-01-02 00:00:00', 'YYYY-MM-DD HH24:MI:SS'), TO_TIMESTAMP('2021-01-02 07:55:42.596000000', 'YYYY-MM-DD HH24:MI:SS.FF'), TO_TIMESTAMP('2021-01-02 13:55:28.690000000', 'YYYY-MM-DD HH24:MI:SS.FF'), '1002', '1002');
INSERT INTO "S22816"."RENTAL" (IDRENTAL, IDPERSON, IDBIKE, RENTDATE, TAKENTIME, RETURNEDTIME, "beginn", DESTINATION) VALUES ('3', '10008', '107', TO_DATE('2021-01-02 00:00:00', 'YYYY-MM-DD HH24:MI:SS'), TO_TIMESTAMP('2021-01-02 09:00:47.335000000', 'YYYY-MM-DD HH24:MI:SS.FF'), TO_TIMESTAMP('2021-01-02 10:20:44.929000000', 'YYYY-MM-DD HH24:MI:SS.FF'), '1003', '1001');
INSERT INTO "S22816"."RENTAL" (IDRENTAL, IDPERSON, IDBIKE, RENTDATE, TAKENTIME, RETURNEDTIME, "beginn", DESTINATION) VALUES ('4', '10007', '108', TO_DATE('2021-01-03 00:00:00', 'YYYY-MM-DD HH24:MI:SS'), TO_TIMESTAMP('2021-01-03 11:55:42.596000000', 'YYYY-MM-DD HH24:MI:SS.FF'), TO_TIMESTAMP('2021-01-03 13:55:28.690000000', 'YYYY-MM-DD HH24:MI:SS.FF'), '1003', '1002');
INSERT INTO "S22816"."RENTAL" (IDRENTAL, IDPERSON, IDBIKE, RENTDATE, TAKENTIME, RETURNEDTIME, "beginn", DESTINATION) VALUES ('5', '10006', '109', TO_DATE('2021-01-06 00:00:00', 'YYYY-MM-DD HH24:MI:SS'), TO_TIMESTAMP('2021-01-06 12:00:47.335000000', 'YYYY-MM-DD HH24:MI:SS.FF'), TO_TIMESTAMP('2021-01-06 14:20:44.929000000', 'YYYY-MM-DD HH24:MI:SS.FF'), '1002', '1001');
INSERT INTO "S22816"."RENTAL" (IDRENTAL, IDPERSON, IDBIKE, RENTDATE, TAKENTIME, RETURNEDTIME, "beginn", DESTINATION) VALUES ('6', '10005', '110', TO_DATE('2021-01-08 00:00:00', 'YYYY-MM-DD HH24:MI:SS'), TO_TIMESTAMP('2021-01-08 11:55:42.596000000', 'YYYY-MM-DD HH24:MI:SS.FF'), TO_TIMESTAMP('2021-01-08 13:55:28.690000000', 'YYYY-MM-DD HH24:MI:SS.FF'), '1001', '1003');
INSERT INTO "S22816"."RENTAL" (IDRENTAL, IDPERSON, IDBIKE, RENTDATE, TAKENTIME, RETURNEDTIME, "beginn", DESTINATION) VALUES ('7', '10004', '104', TO_DATE('2021-01-10 00:00:00', 'YYYY-MM-DD HH24:MI:SS'), TO_TIMESTAMP('2021-01-10 06:00:47.335000000', 'YYYY-MM-DD HH24:MI:SS.FF'), TO_TIMESTAMP('2021-01-10 06:44:44.929000000', 'YYYY-MM-DD HH24:MI:SS.FF'), '1001', '1004');
INSERT INTO "S22816"."RENTAL" (IDRENTAL, IDPERSON, IDBIKE, RENTDATE, TAKENTIME, RETURNEDTIME, "beginn", DESTINATION) VALUES ('8', '10003', '103', TO_DATE('2021-02-01 00:00:00', 'YYYY-MM-DD HH24:MI:SS'), TO_TIMESTAMP('2021-02-01 18:55:42.596000000', 'YYYY-MM-DD HH24:MI:SS.FF'), TO_TIMESTAMP('2021-02-01 19:55:28.690000000', 'YYYY-MM-DD HH24:MI:SS.FF'), '1001', '1001');
INSERT INTO "S22816"."RENTAL" (IDRENTAL, IDPERSON, IDBIKE, RENTDATE, TAKENTIME, RETURNEDTIME, "beginn", DESTINATION) VALUES ('9', '10002', '102', TO_DATE('2021-02-09 00:00:00', 'YYYY-MM-DD HH24:MI:SS'), TO_TIMESTAMP('2021-01-09 02:08:56.761000000', 'YYYY-MM-DD HH24:MI:SS.FF'), TO_TIMESTAMP('2021-01-13 04:09:28.850000000', 'YYYY-MM-DD HH24:MI:SS.FF'), '1002', '1002');
INSERT INTO "S22816"."RENTAL" (IDRENTAL, IDPERSON, IDBIKE, RENTDATE, TAKENTIME, RETURNEDTIME, "beginn", DESTINATION) VALUES ('10', '10001', '101', TO_DATE('2021-02-25 00:00:00', 'YYYY-MM-DD HH24:MI:SS'), TO_TIMESTAMP('2021-02-25 10:10:15.410000000', 'YYYY-MM-DD HH24:MI:SS.FF'), TO_TIMESTAMP('2021-02-25 15:10:48.900000000', 'YYYY-MM-DD HH24:MI:SS.FF'), '1003', '1001');
INSERT INTO "S22816"."RENTAL" (IDRENTAL, IDPERSON, IDBIKE, RENTDATE, TAKENTIME, RETURNEDTIME, "beginn", DESTINATION) VALUES ('11', '10020', '105', TO_DATE('2021-03-03 00:00:00', 'YYYY-MM-DD HH24:MI:SS'), TO_TIMESTAMP('2021-03-03 11:12:00.167000000', 'YYYY-MM-DD HH24:MI:SS.FF'), TO_TIMESTAMP('2021-03-03 13:17:14.627000000', 'YYYY-MM-DD HH24:MI:SS.FF'), '1004', '1003');
INSERT INTO "S22816"."RENTAL" (IDRENTAL, IDPERSON, IDBIKE, RENTDATE, TAKENTIME, RETURNEDTIME, "beginn", DESTINATION) VALUES ('12', '10019', '109', TO_DATE('2021-03-10 00:00:00', 'YYYY-MM-DD HH24:MI:SS'), TO_TIMESTAMP('2021-03-10 09:20:03.844000000', 'YYYY-MM-DD HH24:MI:SS.FF'), TO_TIMESTAMP('2021-03-10 10:00:18.170000000', 'YYYY-MM-DD HH24:MI:SS.FF'), '1004', '1004');
INSERT INTO "S22816"."RENTAL" (IDRENTAL, IDPERSON, IDBIKE, RENTDATE, TAKENTIME, RETURNEDTIME, "beginn", DESTINATION) VALUES ('13', '10018', '108', TO_DATE('2021-03-19 00:00:00', 'YYYY-MM-DD HH24:MI:SS'), TO_TIMESTAMP('2021-03-19 10:09:40.900000000', 'YYYY-MM-DD HH24:MI:SS.FF'), TO_TIMESTAMP('2021-03-19 11:21:22.502000000', 'YYYY-MM-DD HH24:MI:SS.FF'), '1004', '1001');
INSERT INTO "S22816"."RENTAL" (IDRENTAL, IDPERSON, IDBIKE, RENTDATE, TAKENTIME, RETURNEDTIME, "beginn", DESTINATION) VALUES ('14', '10017', '107', TO_DATE('2021-04-01 00:00:00', 'YYYY-MM-DD HH24:MI:SS'), TO_TIMESTAMP('2021-04-01 19:21:57.743000000', 'YYYY-MM-DD HH24:MI:SS.FF'), TO_TIMESTAMP('2021-04-01 20:22:27.495000000', 'YYYY-MM-DD HH24:MI:SS.FF'), '1004', '1002');
INSERT INTO "S22816"."RENTAL" (IDRENTAL, IDPERSON, IDBIKE, RENTDATE, TAKENTIME, RETURNEDTIME, "beginn", DESTINATION) VALUES ('15', '10016', '106', TO_DATE('2021-04-08 00:00:00', 'YYYY-MM-DD HH24:MI:SS'), TO_TIMESTAMP('2021-04-08 15:24:11.859000000', 'YYYY-MM-DD HH24:MI:SS.FF'), TO_TIMESTAMP('2021-04-08 16:24:26.283000000', 'YYYY-MM-DD HH24:MI:SS.FF'), '1004', '1001');
INSERT INTO "S22816"."RENTAL" (IDRENTAL, IDPERSON, IDBIKE, RENTDATE, TAKENTIME, RETURNEDTIME, "beginn", DESTINATION) VALUES ('16', '10015', '105', TO_DATE('2021-04-10 00:00:00', 'YYYY-MM-DD HH24:MI:SS'), TO_TIMESTAMP('2021-04-10 11:25:00.924000000', 'YYYY-MM-DD HH24:MI:SS.FF'), TO_TIMESTAMP('2021-04-10 14:25:10.813000000', 'YYYY-MM-DD HH24:MI:SS.FF'), '1004', '1003');
INSERT INTO "S22816"."RENTAL" (IDRENTAL, IDPERSON, IDBIKE, RENTDATE, TAKENTIME, RETURNEDTIME, "beginn", DESTINATION) VALUES ('17', '10014', '106', TO_DATE('2021-04-13 00:00:00', 'YYYY-MM-DD HH24:MI:SS'), TO_TIMESTAMP('2021-04-13 13:25:45.630000000', 'YYYY-MM-DD HH24:MI:SS.FF'), TO_TIMESTAMP('2021-04-13 16:25:57.415000000', 'YYYY-MM-DD HH24:MI:SS.FF'), '1001', '1004');
INSERT INTO "S22816"."RENTAL" (IDRENTAL, IDPERSON, IDBIKE, RENTDATE, TAKENTIME, RETURNEDTIME, "beginn", DESTINATION) VALUES ('18', '10013', '109', TO_DATE('2021-04-16 00:00:00', 'YYYY-MM-DD HH24:MI:SS'), TO_TIMESTAMP('2021-04-16 18:26:09.423000000', 'YYYY-MM-DD HH24:MI:SS.FF'), TO_TIMESTAMP('2021-04-16 19:27:45.267000000', 'YYYY-MM-DD HH24:MI:SS.FF'), '1002', '1001');
INSERT INTO "S22816"."RENTAL" (IDRENTAL, IDPERSON, IDBIKE, RENTDATE, TAKENTIME, RETURNEDTIME, "beginn", DESTINATION) VALUES ('19', '10012', '101', TO_DATE('2021-05-03 00:00:00', 'YYYY-MM-DD HH24:MI:SS'), TO_TIMESTAMP('2021-05-03 15:28:02.580000000', 'YYYY-MM-DD HH24:MI:SS.FF'), TO_TIMESTAMP('2021-05-03 19:28:23.044000000', 'YYYY-MM-DD HH24:MI:SS.FF'), '1001', '1002');
INSERT INTO "S22816"."RENTAL" (IDRENTAL, IDPERSON, IDBIKE, RENTDATE, TAKENTIME, RETURNEDTIME, "beginn", DESTINATION) VALUES ('20', '10011', '102', TO_DATE('2021-05-03 00:00:00', 'YYYY-MM-DD HH24:MI:SS'), TO_TIMESTAMP('2021-05-03 19:29:45.919000000', 'YYYY-MM-DD HH24:MI:SS.FF'), TO_TIMESTAMP('2021-05-03 22:30:48.932000000', 'YYYY-MM-DD HH24:MI:SS.FF'), '1003', '1001');
INSERT INTO "S22816"."RENTAL" (IDRENTAL, IDPERSON, IDBIKE, RENTDATE, TAKENTIME, RETURNEDTIME, "beginn", DESTINATION) VALUES ('21', '10010', '107', TO_DATE('2021-05-05 00:00:00', 'YYYY-MM-DD HH24:MI:SS'), TO_TIMESTAMP('2021-05-05 17:31:44.308000000', 'YYYY-MM-DD HH24:MI:SS.FF'), TO_TIMESTAMP('2021-05-05 17:49:57.077000000', 'YYYY-MM-DD HH24:MI:SS.FF'), '1004', '1003');
INSERT INTO "S22816"."RENTAL" (IDRENTAL, IDPERSON, IDBIKE, RENTDATE, TAKENTIME, RETURNEDTIME, "beginn", DESTINATION) VALUES ('22', '10009', '103', TO_DATE('2021-05-05 00:00:00', 'YYYY-MM-DD HH24:MI:SS'), TO_TIMESTAMP('2021-05-05 20:33:39.600000000', 'YYYY-MM-DD HH24:MI:SS.FF'), TO_TIMESTAMP('2021-05-05 21:33:52.969000000', 'YYYY-MM-DD HH24:MI:SS.FF'), '1001', '1004');
INSERT INTO "S22816"."RENTAL" (IDRENTAL, IDPERSON, IDBIKE, RENTDATE, TAKENTIME, RETURNEDTIME, "beginn", DESTINATION) VALUES ('23', '10008', '105', TO_DATE('2021-05-17 00:00:00', 'YYYY-MM-DD HH24:MI:SS'), TO_TIMESTAMP('2021-05-17 11:35:33.589000000', 'YYYY-MM-DD HH24:MI:SS.FF'), TO_TIMESTAMP('2021-05-17 12:35:48.567000000', 'YYYY-MM-DD HH24:MI:SS.FF'), '1002', '1001');
INSERT INTO "S22816"."RENTAL" (IDRENTAL, IDPERSON, IDBIKE, RENTDATE, TAKENTIME, RETURNEDTIME, "beginn", DESTINATION) VALUES ('24', '10007', '108', TO_DATE('2021-05-17 00:00:00', 'YYYY-MM-DD HH24:MI:SS'), TO_TIMESTAMP('2021-05-17 14:36:13.230000000', 'YYYY-MM-DD HH24:MI:SS.FF'), TO_TIMESTAMP('2021-05-17 15:36:28.654000000', 'YYYY-MM-DD HH24:MI:SS.FF'), '1001', '1001');
INSERT INTO "S22816"."RENTAL" (IDRENTAL, IDPERSON, IDBIKE, RENTDATE, TAKENTIME, RETURNEDTIME, "beginn", DESTINATION) VALUES ('25', '10006', '110', TO_DATE('2021-06-02 00:00:00', 'YYYY-MM-DD HH24:MI:SS'), TO_TIMESTAMP('2021-06-02 03:36:37.655000000', 'YYYY-MM-DD HH24:MI:SS.FF'), TO_TIMESTAMP('2021-06-02 06:36:51.328000000', 'YYYY-MM-DD HH24:MI:SS.FF'), '1003', '1002');
INSERT INTO "S22816"."RENTAL" (IDRENTAL, IDPERSON, IDBIKE, RENTDATE, TAKENTIME, RETURNEDTIME, "beginn", DESTINATION) VALUES ('26', '10005', '110', TO_DATE('2021-06-06 00:00:00', 'YYYY-MM-DD HH24:MI:SS'), TO_TIMESTAMP('2021-06-06 18:37:06.552000000', 'YYYY-MM-DD HH24:MI:SS.FF'), TO_TIMESTAMP('2021-06-06 20:37:32.697000000', 'YYYY-MM-DD HH24:MI:SS.FF'), '1004', '1001');
INSERT INTO "S22816"."RENTAL" (IDRENTAL, IDPERSON, IDBIKE, RENTDATE, TAKENTIME, RETURNEDTIME, "beginn", DESTINATION) VALUES ('27', '10004', '101', TO_DATE('2021-06-10 00:00:00', 'YYYY-MM-DD HH24:MI:SS'), TO_TIMESTAMP('2021-06-10 09:37:44.529000000', 'YYYY-MM-DD HH24:MI:SS.FF'), TO_TIMESTAMP('2021-06-11 11:37:59.562000000', 'YYYY-MM-DD HH24:MI:SS.FF'), '1004', '1002');
INSERT INTO "S22816"."RENTAL" (IDRENTAL, IDPERSON, IDBIKE, RENTDATE, TAKENTIME, RETURNEDTIME, "beginn", DESTINATION) VALUES ('28', '10003', '104', TO_DATE('2021-06-14 00:00:00', 'YYYY-MM-DD HH24:MI:SS'), TO_TIMESTAMP('2021-06-14 17:38:14.075000000', 'YYYY-MM-DD HH24:MI:SS.FF'), TO_TIMESTAMP('2021-06-14 19:38:27.189000000', 'YYYY-MM-DD HH24:MI:SS.FF'), '1003', '1001');
INSERT INTO "S22816"."RENTAL" (IDRENTAL, IDPERSON, IDBIKE, RENTDATE, TAKENTIME, RETURNEDTIME, "beginn", DESTINATION) VALUES ('29', '10002', '109', TO_DATE('2021-06-17 00:00:00', 'YYYY-MM-DD HH24:MI:SS'), TO_TIMESTAMP('2021-06-17 13:38:42.772000000', 'YYYY-MM-DD HH24:MI:SS.FF'), TO_TIMESTAMP('2021-06-17 17:38:54.348000000', 'YYYY-MM-DD HH24:MI:SS.FF'), '1004', '1003');
INSERT INTO "S22816"."RENTAL" (IDRENTAL, IDPERSON, IDBIKE, RENTDATE, TAKENTIME, RETURNEDTIME, "beginn", DESTINATION) VALUES ('30', '10001', '110', TO_DATE('2021-07-03 00:00:00', 'YYYY-MM-DD HH24:MI:SS'), TO_TIMESTAMP('2021-07-03 06:39:07.318000000', 'YYYY-MM-DD HH24:MI:SS.FF'), TO_TIMESTAMP('2021-07-03 09:39:20.325000000', 'YYYY-MM-DD HH24:MI:SS.FF'), '1004', '1001');

-----------------------------REPORT--

INSERT INTO "S22816"."REPORT" (IDREPORT, IDBIKE, IDPERSON, TITLE, DESCRIPTION, REPORTDATE) VALUES ('1', '106', '10009', 'DAMAGE', 'Frame is cracked after car accident', TO_DATE('2021-01-02 14:00:23', 'YYYY-MM-DD HH24:MI:SS'));
INSERT INTO "S22816"."REPORT" (IDREPORT, IDBIKE, IDPERSON, TITLE, DESCRIPTION, REPORTDATE) VALUES ('2', '110', '10005', 'ACCOUNT BLOCK', 'Account blocked', TO_DATE('2021-01-08 02:49:16', 'YYYY-MM-DD HH24:MI:SS'));
INSERT INTO "S22816"."REPORT" (IDREPORT, IDBIKE, IDPERSON, TITLE, DESCRIPTION, REPORTDATE) VALUES ('3', '101', '10001', 'FLASHLIGHT', 'A flashlight is not working', TO_DATE('2021-01-25 02:49:33', 'YYYY-MM-DD HH24:MI:SS'));
INSERT INTO "S22816"."REPORT" (IDREPORT, IDBIKE, IDPERSON, TITLE, DESCRIPTION, REPORTDATE) VALUES ('4', '105', '10008', 'ACCOUNT BLOCK', 'Account blocked', TO_DATE('2021-05-17 02:50:59', 'YYYY-MM-DD HH24:MI:SS'));
INSERT INTO "S22816"."REPORT" (IDREPORT, IDBIKE, IDPERSON, TITLE, DESCRIPTION, REPORTDATE) VALUES ('5', '104', '10003', 'DAMAGE', 'Frame is cracked after car accident', TO_DATE('2021-06-14 00:00:00', 'YYYY-MM-DD HH24:MI:SS'));
INSERT INTO "S22816"."REPORT" (IDREPORT, IDBIKE, IDPERSON, TITLE, DESCRIPTION, REPORTDATE) VALUES ('6', '110', '10001', 'FLASHLIGHT', 'A flashlight is not working', TO_DATE('2022-07-03 02:51:37', 'YYYY-MM-DD HH24:MI:SS'));

Commit Successful
--------------------------------------------------------------------------------------------------------------

--------------------QUERY 1
--SUBQUERY
SELECT IDPERSON
    ,FIRSTNAME
    ,LASTNAME
FROM PERSON
WHERE IDPERSON IN ( SELECT IDPERSON
                    FROM RENTAL
                    GROUP BY IDPERSON
                    HAVING COUNT(IDBIKE)=1);
                    
--------------------QUERY 2
-- USING EXISTS
-- QUERY WHICH GIVES ADDRESS INFO ABOUT REPORTERS 
SELECT * FROM ADDRESSES
    WHERE EXISTS (SELECT * FROM PERSON 
        WHERE ADDRESSES.IDADDRESS = PERSON.IDADDRESS AND EXISTS(
                                                            SELECT * FROM REPORT
                                                            WHERE PERSON.IDPERSON = REPORT.IDPERSON))
        ORDER BY ADDRESSES.IDADDRESS;







--------------------QUERY 3
-- INNER JOIN
-- QUERY GIVES US ADDRESS INFO ABOUT RENTERS
SELECT  r.IDRENTAL,  p.FIRSTNAME, p.LASTNAME
        ,(a.COUNTRY ||', '|| a.CITY ||', '|| a.STREET ||', '|| a.APARTMENT) AS UserFullAddress 
       
        FROM (( RENTAL r INNER JOIN Person p ON
        r.IDPERSON = p.IDPERSON)
        INNER JOIN ADDRESSES a ON p.IDADDRESS = a.IDADDRESS);


--------------------QUERY 4        
-- RIGHT JOIN
-- this query gives info about persons who rented and names starts with letter A
SELECT BIKE.IDBIKE
    ,BIKE.CODE
    ,RENTAL.RENTDATE
    ,('rental.beginn' ||', '|| RENTAL.TAKENTIME) AS startStatTime
    ,(RENTAL.DESTINATION||', '|| RENTAL.RETURNEDTIME) AS finishStatTime
    ,PERSON.IDPERSON , PERSON.FIRSTNAME, PERSON.LASTNAME
    FROM (BIKE
    RIGHT JOIN RENTAL ON
    BIKE.IDBIKE = RENTAL.IDBIKE 
        RIGHT JOIN PERSON ON
        RENTAL.IDPERSON = PERSON.IDPERSON
       )
        WHERE PERSON.FIRSTNAME LIKE 'A%'
        ORDER BY BIKE.IDBIKE asc;
        
 --------------------QUERY 5
 -- ANY / ALL
SELECT COUNTRY
       ,CITY
       ,STREET
FROM ADDRESSES
WHERE CITY != ALL
    ( SELECT CITY 
    FROM ADDRESSES
    WHERE CITY = 'WARSAW')
    ORDER BY STREET ;
        
----------------------TRIGGER

        



















